{"data": [0.059125944292576796, 0.10500728248119287, 0.11121247204962073, 0.1473626741838517, 0.10304155369994333, 0.21732081675023918, 0.2858325085396856, 0.429506878654629, 0.15073408712688377, 0.13448169460118498, 0.17504261995934653, 0.14864371423133135, 0.11755082896782251, 0.1539884619258369, 0.12426510429111519, 0.13071947159562103, 0.17911938917573783, 0.1425572624553691, 0.206830125177919, 0.3140424944995411, 0.22955329878200675, 0.11664060275716699, 0.3140424944995411, 0.14954641201373664, 0.06752361886357484, 0.2794934973391013, 0.1323413293297897, 0.13907100586684282, 0.4940661685564009, 0.39642119854513014, 0.22856437054362458, 0.3882901588632172, 0.3648241046121908, 0.2570056068644745, 0.3996679297774092, 0.07684696237006672, 0.1527827460236359, 0.24226410015841376, 0.1368124873798892, 0.19116594935398454, 0.23280441647788472, 0.2590338063284663, 0.11785791290069028, 0.23944823886097583, 0.2275057724678507, 0.2669781516623073, 0.3088947396708125, 0.21428487358446713, 0.3015816113161516, 0.3682288904479216, 0.13965223945920224, 0.1878079143618125, 0.10638709442933166, 0.22811784769046745, 0.23501268402628928, 0.31966165148268094, 0.60435874998325, 0.21708762438147625, 0.5636873122159296, 0.24767229208687777, 0.3261210557594665, 0.45730291561372616, 0.3278026718273332, 0.3887440695933849, 0.5337492566165997, 0.49740248404209597], "indices": [1615, 2563, 144, 162, 4886, 4079, 4537, 1962, 4798, 631, 3361, 2878, 2411, 1863, 163, 1248, 4836, 3193, 4900, 580, 4976, 4840, 1670, 4390, 4385, 684, 1615, 163, 637, 2053, 602, 3896, 459, 281, 1663, 1615, 2411, 163, 2009, 1062, 1479, 3053, 2229, 4848, 4842, 1462, 322, 3725, 985, 4442, 4780, 3054, 3030, 4416, 1063, 1062, 3246, 1707, 2881, 3052, 2060, 4384, 4710, 1791, 1027, 2433], "indptr": [0, 26, 35, 55, 61, 66], "shape": [5, 5000]}